<?xml version="1.0" encoding="UTF-8"?>
<project-private xmlns="http://www.netbeans.org/ns/project-private/1">
    <editor-bookmarks xmlns="http://www.netbeans.org/ns/editor-bookmarks/2" lastBookmarkId="0"/>
    <open-files xmlns="http://www.netbeans.org/ns/projectui-open-files/2">
        <group>
            <file>file:/C:/Users/ASUS/Desktop/eNotes%20project/ENotesProject/web/all_component/allcss.jsp</file>
            <file>file:/C:/Users/ASUS/Desktop/eNotes%20project/ENotesProject/src/java/com/Servlet/deleteServlet.java</file>
            <file>file:/C:/Users/ASUS/Desktop/eNotes%20project/ENotesProject/web/all_component/footer.jsp</file>
            <file>file:/C:/Users/ASUS/Desktop/eNotes%20project/ENotesProject/web/showNotes.jsp</file>
            <file>file:/C:/Users/ASUS/Desktop/eNotes%20project/ENotesProject/web/all_component/navbar.jsp</file>
            <file>file:/C:/Users/ASUS/Desktop/eNotes%20project/ENotesProject/web/edit.jsp</file>
            <file>file:/C:/Users/ASUS/Desktop/eNotes%20project/ENotesProject/web/home.jsp</file>
            <file>file:/C:/Users/ASUS/Desktop/eNotes%20project/ENotesProject/web/loginHome.jsp</file>
            <file>file:/C:/Users/ASUS/Desktop/eNotes%20project/ENotesProject/web/addNotes.jsp</file>
            <file>file:/C:/Users/ASUS/Desktop/eNotes%20project/ENotesProject/web/register.jsp</file>
            <file>file:/C:/Users/ASUS/Desktop/eNotes%20project/ENotesProject/src/java/com/DB/DBConnect.java</file>
            <file>file:/C:/Users/ASUS/Desktop/eNotes%20project/ENotesProject/web/login.jsp</file>
            <file>file:/C:/Users/ASUS/Desktop/eNotes%20project/ENotesProject/web/index.html</file>
            <file>file:/C:/Users/ASUS/Desktop/eNotes%20project/ENotesProject/web/css/style.css</file>
            <file>file:/C:/Users/ASUS/Desktop/eNotes%20project/ENotesProject/src/java/com/Servlet/AddNotesServlet.java</file>
            <file>file:/C:/Users/ASUS/Desktop/eNotes%20project/ENotesProject/src/java/com/Servlet/UserServlet.java</file>
            <file>file:/C:/Users/ASUS/Desktop/eNotes%20project/ENotesProject/src/java/com/DAO/PostDAO.java</file>
            <file>file:/C:/Users/ASUS/Desktop/eNotes%20project/ENotesProject/src/java/com/User/UserDetails.java</file>
            <file>file:/C:/Users/ASUS/Desktop/eNotes%20project/ENotesProject/src/java/com/Servlet/LogoutServlet.java</file>
            <file>file:/C:/Users/ASUS/Desktop/eNotes%20project/ENotesProject/src/java/com/Servlet/loginServlet.java</file>
            <file>file:/C:/Users/ASUS/Desktop/eNotes%20project/ENotesProject/src/java/com/DAO/UserDAO.java</file>
            <file>file:/C:/Users/ASUS/Desktop/eNotes%20project/ENotesProject/src/java/com/Servlet/NoteEditServlet.java</file>
            <file>file:/C:/Users/ASUS/Desktop/eNotes%20project/ENotesProject/src/java/com/User/Post.java</file>
        </group>
    </open-files>
</project-private>
